Country Name,Country Code,Indicator Name,Indicator Code,2001,2002,2003,2004,2005,2006,2007,2008,2009,2010,2011,2012,2013,2014,2015,2016,2017,2018,2019,2020,2021,2022,2023
Aruba,ABW,Profit tax (% of commercial profits),IC.TAX.PRFT.CP.ZS,,,,,,,,,,,,,,,,,,,,,,,
Africa Eastern and Southern,AFE,Profit tax (% of commercial profits),IC.TAX.PRFT.CP.ZS,,,,,23.95833333,23.275,22.49166667,22.47916667,22.63333333,22.025,22.34166667,21.692,20.856,20.028,19.772,19.772,19.784,19.732,19.576,,,,
Afghanistan,AFG,Profit tax (% of commercial profits),IC.TAX.PRFT.CP.ZS,,,,,0,0,0,0,0,0,0,0,0,0,0,0,0,0,0,,,,
Africa Western and Central,AFW,Profit tax (% of commercial profits),IC.TAX.PRFT.CP.ZS,,,,,14.355,12.83809524,12.56666667,12.33809524,12.36666667,12.14761905,12.75714286,13.56666667,14.91363636,14.16818182,15.12727273,16.88181818,16.92727273,16.85909091,17.21363636,,,,
Angola,AGO,Profit tax (% of commercial profits),IC.TAX.PRFT.CP.ZS,,,,,25.2,25.2,25.2,25.2,25.2,25.2,25.2,25.2,25.3,25.3,21.7,20.4,21.5,21.5,21.5,,,,
Albania,ALB,Profit tax (% of commercial profits),IC.TAX.PRFT.CP.ZS,,,,,20.1,18.5,17.8,16.8,8.1,8.5,8.8,8.7,9.4,9.5,14.1,14.1,14,14,14.1,,,,
Andorra,AND,Profit tax (% of commercial profits),IC.TAX.PRFT.CP.ZS,,,,,,,,,,,,,,,,,,,,,,,
Arab World,ARB,Profit tax (% of commercial profits),IC.TAX.PRFT.CP.ZS,,,,,15.73888889,14.48333333,12.91,12.42,12.17,12.13,11.305,11.83333333,11.52857143,11.74761905,11.61428571,11.48571429,11.62380952,11.51428571,11.41428571,,,,
United Arab Emirates,ARE,Profit tax (% of commercial profits),IC.TAX.PRFT.CP.ZS,,,,,0,0,0,0,0,0,0,0,0,0,0,0,0,0,0,,,,
Argentina,ARG,Profit tax (% of commercial profits),IC.TAX.PRFT.CP.ZS,,,,,3.2,3.2,3.2,3.2,3.2,3.2,3.2,3.1,0,0,0,3.9,3.9,3.9,3.6,,,,
Armenia,ARM,Profit tax (% of commercial profits),IC.TAX.PRFT.CP.ZS,,,,,15.8,15.8,14.8,14.8,14.8,14.8,14.9,14.9,15.7,19.3,19.1,17.6,17.6,17.6,21.8,,,,
American Samoa,ASM,Profit tax (% of commercial profits),IC.TAX.PRFT.CP.ZS,,,,,,,,,,,,,,,,,,,,,,,
Antigua and Barbuda,ATG,Profit tax (% of commercial profits),IC.TAX.PRFT.CP.ZS,,,,,36.7,32.8,31.4,31.4,26.2,26.2,26.2,26.2,26.2,26,25.9,25.9,25.9,25.6,25.5,,,,
Australia,AUS,Profit tax (% of commercial profits),IC.TAX.PRFT.CP.ZS,,,,,26.3,26.7,27.2,27.4,25.9,26,26.1,26.1,26.1,26.1,26,26,26,26,26.1,,,,
Austria,AUT,Profit tax (% of commercial profits),IC.TAX.PRFT.CP.ZS,,,,,21.2,16,16,16,16.4,16.1,15.4,17,17.1,16.8,16.8,16.9,17,17.1,17.1,,,,
Azerbaijan,AZE,Profit tax (% of commercial profits),IC.TAX.PRFT.CP.ZS,,,,,13.7,15.1,13.8,13.8,13.8,13.8,12.9,12.9,12.9,12.9,12.9,13,13,13.8,12.7,,,,
Burundi,BDI,Profit tax (% of commercial profits),IC.TAX.PRFT.CP.ZS,,,,,18.7,18.7,18.7,18.7,18.7,18.7,33.1,33.1,33.8,28.9,28.9,28.9,28.4,28.5,28.5,,,,
Belgium,BEL,Profit tax (% of commercial profits),IC.TAX.PRFT.CP.ZS,,,,,9.8,9.8,7.9,6,5.4,7.4,7.8,7.8,8.3,8.3,8.4,9.1,10.3,10.9,10.3,,,,
Benin,BEN,Profit tax (% of commercial profits),IC.TAX.PRFT.CP.ZS,,,,,21.4,21.4,21.4,21.4,16.9,15.2,15.2,15.2,11.9,11.9,11.9,11.9,11.9,11.9,11.9,,,,
Burkina Faso,BFA,Profit tax (% of commercial profits),IC.TAX.PRFT.CP.ZS,,,,,19.3,19.3,19.3,15.2,16.3,16.1,15.2,15.2,16.2,16.2,16.2,16.2,16.2,16.2,16.2,,,,
Bangladesh,BGD,Profit tax (% of commercial profits),IC.TAX.PRFT.CP.ZS,,,,,,,,,,,,,31.6,31.6,30.5,30.5,31.1,31.1,31.1,,,,
Bulgaria,BGR,Profit tax (% of commercial profits),IC.TAX.PRFT.CP.ZS,,,,,7,5.8,6.8,4.3,4.6,4.7,5,4.9,5,5,5,5,5,4.9,4.9,,,,
Bahrain,BHR,Profit tax (% of commercial profits),IC.TAX.PRFT.CP.ZS,,,,,,,0,0,0,0,0,0,0,0,0,0,0,0,0,,,,
"Bahamas, The",BHS,Profit tax (% of commercial profits),IC.TAX.PRFT.CP.ZS,,,,,,,0,0,0,0,0,0,0,0,0,0,0,0,0,,,,
Bosnia and Herzegovina,BIH,Profit tax (% of commercial profits),IC.TAX.PRFT.CP.ZS,,,,,22.1,22,22.1,22.1,5.3,5.6,7.1,7.1,7.3,7.2,7.2,7.2,8.4,8.4,8.4,,,,
Belarus,BLR,Profit tax (% of commercial profits),IC.TAX.PRFT.CP.ZS,,,,,21.4,21.4,20.8,22,22,21.9,21.7,12.9,9.7,9.5,11,10.9,10.8,11.1,11.1,,,,
Belize,BLZ,Profit tax (% of commercial profits),IC.TAX.PRFT.CP.ZS,,,,,24.7,24.7,24.7,24.7,24.7,24.7,24.7,24.7,24.7,24.7,24.7,24.7,24.7,24.7,24.7,,,,
Bermuda,BMU,Profit tax (% of commercial profits),IC.TAX.PRFT.CP.ZS,,,,,,,,,,,,,,,,,,,,,,,
Bolivia,BOL,Profit tax (% of commercial profits),IC.TAX.PRFT.CP.ZS,,,,,0,0,0,0,0,0,0,0,0,0,0,0,0,0,0,,,,
Brazil,BRA,Profit tax (% of commercial profits),IC.TAX.PRFT.CP.ZS,,,,,,,,,,,,,22.2,22.2,22.5,22.3,22.4,22.4,22.4,,,,
Barbados,BRB,Profit tax (% of commercial profits),IC.TAX.PRFT.CP.ZS,,,,,,,,,,,19.4,19.5,19.5,19.5,19.5,19.5,20,19.9,19.8,,,,
Brunei Darussalam,BRN,Profit tax (% of commercial profits),IC.TAX.PRFT.CP.ZS,,,,,,31.7,31.7,31.8,24.5,10.1,8.1,6.9,7.9,7.9,0.1,0.1,0.1,0.1,0.1,,,,
Bhutan,BTN,Profit tax (% of commercial profits),IC.TAX.PRFT.CP.ZS,,,,,33,33,33,33,33,33,33,33,33.9,33.9,33.9,33.9,33.9,33.9,33.9,,,,
Botswana,BWA,Profit tax (% of commercial profits),IC.TAX.PRFT.CP.ZS,,,,,17,17,17,17,16,15.9,15.9,21.7,21.7,21.5,21.5,21.5,21.5,21.5,21.5,,,,
Central African Republic,CAF,Profit tax (% of commercial profits),IC.TAX.PRFT.CP.ZS,,,,,0,0,0,0,0,0,0,0,0,0,0,0,0,0,0,,,,
Canada,CAN,Profit tax (% of commercial profits),IC.TAX.PRFT.CP.ZS,,,,,27.3,25.1,25.4,24.8,23.2,3.2,1.9,2.3,3,3.9,3.9,3.9,3.8,3.9,8,,,,
Central Europe and the Baltics,CEB,Profit tax (% of commercial profits),IC.TAX.PRFT.CP.ZS,,,,,8.918181818,7.918181818,8.472727273,8.363636364,8.345454545,8.863636364,8.454545455,8.081818182,7.954545455,7.972727273,8.209090909,8.090909091,8.090909091,7.990909091,8.436363636,,,,
Switzerland,CHE,Profit tax (% of commercial profits),IC.TAX.PRFT.CP.ZS,,,,,9.3,8.8,8.7,9.2,10,9.3,9.3,9.6,9.2,9.3,9.3,9.3,9.3,9.3,9.3,,,,
Channel Islands,CHI,Profit tax (% of commercial profits),IC.TAX.PRFT.CP.ZS,,,,,,,,,,,,,,,,,,,,,,,
Chile,CHL,Profit tax (% of commercial profits),IC.TAX.PRFT.CP.ZS,,,,,18.4,18.3,18.3,18.3,18,18,18,21.2,21.2,21,22,23.6,25.2,26.2,26.2,,,,
China,CHN,Profit tax (% of commercial profits),IC.TAX.PRFT.CP.ZS,,,,,,,,,,,,,10.6,10.6,10.9,10.8,11.3,11.8,6.3,,,,
Cote d'Ivoire,CIV,Profit tax (% of commercial profits),IC.TAX.PRFT.CP.ZS,,,,,11.7,11.7,9.1,9.1,8.8,8.8,8.8,8.8,8.8,8.8,8.8,8.8,8.8,8.8,8.8,,,,
Cameroon,CMR,Profit tax (% of commercial profits),IC.TAX.PRFT.CP.ZS,,,,,27.9,27.8,27.8,27.4,30,30,30,30,30,30,30,38.9,38.9,38.9,38.9,,,,
"Congo, Dem. Rep.",COD,Profit tax (% of commercial profits),IC.TAX.PRFT.CP.ZS,,,,,58.9,58.9,58.9,58.9,58.9,58.9,58.9,58.9,33.4,27.5,27.5,27.5,27.5,27.5,23.6,,,,
"Congo, Rep.",COG,Profit tax (% of commercial profits),IC.TAX.PRFT.CP.ZS,,,,,0,0,0,0,0,0,0,0,18.5,0,0,0,0,0,0,,,,
Colombia,COL,Profit tax (% of commercial profits),IC.TAX.PRFT.CP.ZS,,,,,21.8,21.6,21.4,18.7,17,17,18.3,18.5,18.5,18.2,22.1,21.7,21.8,21.7,21.1,,,,
Comoros,COM,Profit tax (% of commercial profits),IC.TAX.PRFT.CP.ZS,,,,,31.4,31.4,31.4,31.4,31.4,31.4,31.4,31.4,32.1,32.1,32.1,32.1,32.1,30.4,30.4,,,,
Cabo Verde,CPV,Profit tax (% of commercial profits),IC.TAX.PRFT.CP.ZS,,,,,22,22,22,22,18.2,18.9,18.6,18,18.2,18.2,18.5,18.6,18.6,18.5,18.3,,,,
Costa Rica,CRI,Profit tax (% of commercial profits),IC.TAX.PRFT.CP.ZS,,,,,19.2,19.2,19.2,19.2,19.2,19.2,19.2,19.5,19.2,19.2,19.2,19.2,19.2,19.2,19.2,,,,
Caribbean small states,CSS,Profit tax (% of commercial profits),IC.TAX.PRFT.CP.ZS,,,,,29.77777778,29.15555556,26.1,25.86,25.1,24.82,24.10909091,24.05454545,23.79090909,23.6,23.55454545,23.4,23.09090909,22.91818182,22.7,,,,
Cuba,CUB,Profit tax (% of commercial profits),IC.TAX.PRFT.CP.ZS,,,,,,,,,,,,,,,,,,,,,,,
Curacao,CUW,Profit tax (% of commercial profits),IC.TAX.PRFT.CP.ZS,,,,,,,,,,,,,,,,,,,,,,,
Cayman Islands,CYM,Profit tax (% of commercial profits),IC.TAX.PRFT.CP.ZS,,,,,,,,,,,,,,,,,,,,,,,
Cyprus,CYP,Profit tax (% of commercial profits),IC.TAX.PRFT.CP.ZS,,,,,,,,7.8,7.8,9.4,9.2,9.1,9.2,9.5,9.3,9.6,8.1,8.1,8.3,,,,
Czechia,CZE,Profit tax (% of commercial profits),IC.TAX.PRFT.CP.ZS,,,,,7.2,6.7,6.2,6.2,4.9,5.1,5.3,5.3,5.3,5.6,5.6,5.1,5.1,5.2,5.2,,,,
Germany,DEU,Profit tax (% of commercial profits),IC.TAX.PRFT.CP.ZS,,,,,21.4,21.6,23.2,22.9,17.6,23.2,19.2,19.3,23.2,23.3,23.2,23.2,23.2,23.2,23.2,,,,
Djibouti,DJI,Profit tax (% of commercial profits),IC.TAX.PRFT.CP.ZS,,,,,17.7,17.7,17.7,17.7,17.7,17.7,17.7,17.7,17.7,17.7,17.7,17.7,17.7,17.7,17.7,,,,
Dominica,DMA,Profit tax (% of commercial profits),IC.TAX.PRFT.CP.ZS,,,,,25.9,25.9,25.9,25.9,25.9,25.9,26,26,26.1,26.1,26.1,24.4,21.8,21.8,21.8,,,,
Denmark,DNK,Profit tax (% of commercial profits),IC.TAX.PRFT.CP.ZS,,,,,27.9,26,25.8,23.1,21.7,21.6,19.8,19.7,19.6,19.6,18.1,18.4,17.1,17.1,17.1,,,,
Dominican Republic,DOM,Profit tax (% of commercial profits),IC.TAX.PRFT.CP.ZS,,,,,25.4,25.3,28.9,20.6,19.5,20.7,21.5,23.7,23.7,23.7,23.7,22.6,29.1,29.1,29.1,,,,
Algeria,DZA,Profit tax (% of commercial profits),IC.TAX.PRFT.CP.ZS,,,,,9.9,9.9,8.3,8.3,6.5,6.5,6.5,6.5,6.5,6.5,6.5,8.2,8.1,8.1,8.1,,,,
East Asia & Pacific (excluding high income),EAP,Profit tax (% of commercial profits),IC.TAX.PRFT.CP.ZS,,,,,18.34117647,18.34117647,18.45294118,17.99411765,16.41176471,15.79411765,15.94705882,16.63333333,16.43,15.945,15.795,15.89,15.645,15.7,15.25,,,,
Early-demographic dividend,EAR,Profit tax (% of commercial profits),IC.TAX.PRFT.CP.ZS,,,,,19.13773585,18.59811321,17.69074074,17.32407407,17.31481481,17.28518519,16.45740741,17.16785714,17.8,18.03114754,18.01639344,17.87704918,17.88360656,17.84918033,17.67704918,,,,
East Asia & Pacific,EAS,Profit tax (% of commercial profits),IC.TAX.PRFT.CP.ZS,,,,,21.25416667,21.316,21.416,21.204,19.556,18.484,18.324,18.31538462,18.46551724,18.16551724,17.78965517,17.8,17.55517241,17.57586207,17.32068966,,,,
Europe & Central Asia (excluding high income),ECA,Profit tax (% of commercial profits),IC.TAX.PRFT.CP.ZS,,,,,14.44666667,14.31875,13.74375,13.55625,11.74705882,10.74705882,9.741176471,9.182352941,9.694117647,11.71764706,12.24117647,12.13529412,12.37647059,12.05882353,12.27647059,,,,
Europe & Central Asia,ECS,Profit tax (% of commercial profits),IC.TAX.PRFT.CP.ZS,,,,,14.75581395,13.88888889,13.74666667,13.18695652,12.23617021,12.15744681,11.11489362,10.78125,11.30816327,12.10612245,11.8877551,11.70408163,11.82653061,11.394,11.476,,,,
Ecuador,ECU,Profit tax (% of commercial profits),IC.TAX.PRFT.CP.ZS,,,,,18.8,18.8,18.8,18.5,18.5,18.4,17.6,17.6,16.9,16.2,16.2,16.3,16.3,16.1,18.2,,,,
"Egypt, Arab Rep.",EGY,Profit tax (% of commercial profits),IC.TAX.PRFT.CP.ZS,,,,,21.6,13.6,13.9,14.8,13.8,13.2,13,13.2,13.2,16.4,16.4,14.7,14,13.7,14.4,,,,
Euro area,EMU,Profit tax (% of commercial profits),IC.TAX.PRFT.CP.ZS,,,,,15.08823529,13.71111111,13.64444444,12.57368421,11.90526316,12.37368421,11.79,11.645,12.66,13.095,12.275,12.365,12.615,12.285,12.22,,,,
Eritrea,ERI,Profit tax (% of commercial profits),IC.TAX.PRFT.CP.ZS,,,,,8.8,8.8,8.8,8.8,7.7,8.8,8.8,8.8,9.2,9.2,9.2,9.2,9.2,9.2,9.2,,,,
Spain,ESP,Profit tax (% of commercial profits),IC.TAX.PRFT.CP.ZS,,,,,23.4,23.4,23.4,21.9,20.9,20.7,1.2,1.2,20.8,21.7,13.4,12.5,10.6,10.6,10.6,,,,
Estonia,EST,Profit tax (% of commercial profits),IC.TAX.PRFT.CP.ZS,,,,,11.2,10,9.5,9,8.4,8.3,8.3,8.3,8.2,8.2,8.2,7.8,7.8,7.8,7.7,,,,
Ethiopia,ETH,Profit tax (% of commercial profits),IC.TAX.PRFT.CP.ZS,,,,,26.4,26.4,26.4,26.4,26.4,26.4,26.4,26.6,25.8,25.4,24.9,24.6,24.6,24.6,24.6,,,,
European Union,EUU,Profit tax (% of commercial profits),IC.TAX.PRFT.CP.ZS,,,,,14.7125,13.264,13.372,12.51923077,11.96153846,12.46538462,11.90740741,11.7037037,12.45185185,12.67407407,12.01851852,12.05925926,12.1962963,11.92222222,12.00740741,,,,
Fragile and conflict affected situations,FCS,Profit tax (% of commercial profits),IC.TAX.PRFT.CP.ZS,,,,,19.54375,18.81875,18.459375,17.96875,18.11515152,17.44848485,17.08484848,17.30277778,17.48378378,16.57837838,16.49189189,16.75945946,16.8,16.73783784,16.54054054,,,,
Finland,FIN,Profit tax (% of commercial profits),IC.TAX.PRFT.CP.ZS,,,,,19.1,17.1,17,17,17.1,15.9,13.7,15,14.1,14.6,11.8,11.7,11.7,11.9,12.1,,,,
Fiji,FJI,Profit tax (% of commercial profits),IC.TAX.PRFT.CP.ZS,,,,,31.2,31.2,31.2,31.2,30.8,28.9,28,27.3,20.6,20.6,20.6,20.3,19.2,19.6,19.6,,,,
France,FRA,Profit tax (% of commercial profits),IC.TAX.PRFT.CP.ZS,,,,,6.8,6.7,6.5,6.8,6.6,6.6,6.7,5.8,6.2,5.4,-0.2,0.2,1,0.3,0.2,,,,
Faroe Islands,FRO,Profit tax (% of commercial profits),IC.TAX.PRFT.CP.ZS,,,,,,,,,,,,,,,,,,,,,,,
"Micronesia, Fed. Sts.",FSM,Profit tax (% of commercial profits),IC.TAX.PRFT.CP.ZS,,,,,0,0,0,0,0,0,0,0,0,0,0,0,0,0,0,,,,
Gabon,GAB,Profit tax (% of commercial profits),IC.TAX.PRFT.CP.ZS,,,,,19.5,19.1,19.1,19.1,19.1,17.9,17.9,17.9,17.9,15.4,20.5,20.5,20.5,20.3,20.3,,,,
United Kingdom,GBR,Profit tax (% of commercial profits),IC.TAX.PRFT.CP.ZS,,,,,21.8,21.8,21.8,21.5,22.3,23.6,23.6,22.4,21.7,20.6,19.2,18.3,18.1,17.3,16.6,,,,
Georgia,GEO,Profit tax (% of commercial profits),IC.TAX.PRFT.CP.ZS,,,,,9.8,14.1,14.1,14.1,13.3,13.3,14.3,14.3,14.3,14.3,14.3,14.3,14.3,7.8,7.8,,,,
Ghana,GHA,Profit tax (% of commercial profits),IC.TAX.PRFT.CP.ZS,,,,,24.8,21,17.9,17.6,17.6,17.6,18,18,18,18,18,18,18.5,17.7,10,,,,
Gibraltar,GIB,Profit tax (% of commercial profits),IC.TAX.PRFT.CP.ZS,,,,,,,,,,,,,,,,,,,,,,,
Guinea,GIN,Profit tax (% of commercial profits),IC.TAX.PRFT.CP.ZS,,,,,0,0,0,0,0,0,0,0,0,0,0,0,0,0,0,,,,
"Gambia, The",GMB,Profit tax (% of commercial profits),IC.TAX.PRFT.CP.ZS,,,,,6.1,6.1,6.1,6.1,6.1,6.1,6.1,6.1,6.1,6.1,6.1,6.1,6.1,6.1,24.4,,,,
Guinea-Bissau,GNB,Profit tax (% of commercial profits),IC.TAX.PRFT.CP.ZS,,,,,23.3,14.9,14.9,14.9,14.9,14.9,14.9,14.9,15.1,15.1,15.1,15.1,15.1,15.1,15.1,,,,
Equatorial Guinea,GNQ,Profit tax (% of commercial profits),IC.TAX.PRFT.CP.ZS,,,,,20.7,20.7,20.7,20.7,20.7,20.7,20.7,20.7,20.7,20.7,20.7,53,53,53,53,,,,
Greece,GRC,Profit tax (% of commercial profits),IC.TAX.PRFT.CP.ZS,,,,,21.5,16.9,16.4,14.1,14.1,14.1,13.5,11.2,11.2,19,19.7,22.4,23,23,23,,,,
Grenada,GRD,Profit tax (% of commercial profits),IC.TAX.PRFT.CP.ZS,,,,,27.6,27.6,27.6,27.6,27.6,27.6,27.6,27.6,27.6,27.6,27.6,27.6,26.3,26.5,26.5,,,,
Greenland,GRL,Profit tax (% of commercial profits),IC.TAX.PRFT.CP.ZS,,,,,,,,,,,,,,,,,,,,,,,
Guatemala,GTM,Profit tax (% of commercial profits),IC.TAX.PRFT.CP.ZS,,,,,26.1,26.1,26.1,25.9,25.9,25.9,25.9,25.9,25.9,24.9,22.5,20.2,20.2,20.2,20.2,,,,
Guam,GUM,Profit tax (% of commercial profits),IC.TAX.PRFT.CP.ZS,,,,,,,,,,,,,,,,,,,,,,,
Guyana,GUY,Profit tax (% of commercial profits),IC.TAX.PRFT.CP.ZS,,,,,27.6,27.6,27.6,27.6,27.5,27.5,24.5,24.5,21.4,21.3,21.3,21.3,21.3,19.6,19.6,,,,
High income,HIC,Profit tax (% of commercial profits),IC.TAX.PRFT.CP.ZS,,,,,18.112,17.29423077,16.28363636,16.07321429,15.2375,14.77321429,14.34482759,13.86949153,14.66129032,14.91451613,14.41290323,14.38709677,14.38548387,14.16349206,14.14285714,,,,
"Hong Kong SAR, China",HKG,Profit tax (% of commercial profits),IC.TAX.PRFT.CP.ZS,,,,,18.7,18.7,18.7,18.7,17.6,17.6,17.6,17.6,17.6,17.6,17.5,17.5,17.5,17.5,16.5,,,,
Honduras,HND,Profit tax (% of commercial profits),IC.TAX.PRFT.CP.ZS,,,,,25.2,25.2,25.2,25.2,25.2,25.2,26.7,28.7,30.7,29.9,31.3,31.3,31.3,31.2,29.2,,,,
Heavily indebted poor countries (HIPC),HPC,Profit tax (% of commercial profits),IC.TAX.PRFT.CP.ZS,,,,,18.52702703,17.18157895,16.90526316,16.87105263,16.7,16.27631579,16.91052632,17.34736842,17.17631579,16.35,16.8,16.94736842,16.92105263,16.80789474,16.86578947,,,,
Croatia,HRV,Profit tax (% of commercial profits),IC.TAX.PRFT.CP.ZS,,,,,0,0,0,0,0,0,0,0,0,0,0,0,0,0,0,,,,
Haiti,HTI,Profit tax (% of commercial profits),IC.TAX.PRFT.CP.ZS,,,,,23.8,23.8,23.8,23.8,23.8,23.8,23.8,23.8,23.8,23.8,23.8,23.8,22.7,22.8,22.8,,,,
Hungary,HUN,Profit tax (% of commercial profits),IC.TAX.PRFT.CP.ZS,,,,,5.9,5.2,8.1,9.3,9.3,15.6,14,11.5,11.7,11.8,11.8,9.9,9.9,9.1,9.4,,,,
IBRD only,IBD,Profit tax (% of commercial profits),IC.TAX.PRFT.CP.ZS,,,,,19.19649123,18.58103448,18.18448276,17.92758621,16.88448276,16.42931034,16.53389831,16.57,17.01818182,16.79848485,16.85909091,17.2469697,17.44848485,17.32121212,17.29090909,,,,
IDA & IBRD total,IBT,Profit tax (% of commercial profits),IC.TAX.PRFT.CP.ZS,,,,,19.3704,18.69212598,18.33307087,18.12755906,17.484375,17.04765625,16.97286822,16.99848485,17.28652482,17.11276596,17.21489362,17.43475177,17.48652482,17.39929078,17.36170213,,,,
IDA total,IDA,Profit tax (% of commercial profits),IC.TAX.PRFT.CP.ZS,,,,,19.51617647,18.78550725,18.45797101,18.29565217,17.98142857,17.56,17.34285714,17.35555556,17.52266667,17.38933333,17.528,17.6,17.52,17.468,17.424,,,,
IDA blend,IDB,Profit tax (% of commercial profits),IC.TAX.PRFT.CP.ZS,,,,,23.64,23.52,23.1,22.84,22.3,22.09333333,21.70666667,21.28,22.14117647,21.50588235,21.28823529,21.67647059,21.37647059,21.45882353,21.2,,,,
Indonesia,IDN,Profit tax (% of commercial profits),IC.TAX.PRFT.CP.ZS,,,,,,,,,,,,,21.2,19.7,20.2,20,18.2,18.1,18.1,,,,
IDA only,IDX,Profit tax (% of commercial profits),IC.TAX.PRFT.CP.ZS,,,,,18.3490566,17.47037037,17.16851852,17.03333333,16.80363636,16.32363636,16.15272727,16.32280702,16.16896552,16.18275862,16.42586207,16.40517241,16.38965517,16.29827586,16.31724138,,,,
Isle of Man,IMN,Profit tax (% of commercial profits),IC.TAX.PRFT.CP.ZS,,,,,,,,,,,,,,,,,,,,,,,
India,IND,Profit tax (% of commercial profits),IC.TAX.PRFT.CP.ZS,,,,,,,,,,,,,23.7,23.4,23.4,23.5,23.5,21.7,21.6,,,,
Not classified,INX,Profit tax (% of commercial profits),IC.TAX.PRFT.CP.ZS,,,,,,,,,,,,,,,,,,,,,,,
Ireland,IRL,Profit tax (% of commercial profits),IC.TAX.PRFT.CP.ZS,,,,,11.9,11.9,11.9,12,12.1,11.8,12,12,12.2,12.4,12.4,12.4,12.4,12.4,12.4,,,,
"Iran, Islamic Rep.",IRN,Profit tax (% of commercial profits),IC.TAX.PRFT.CP.ZS,,,,,17.9,17.9,17.9,17.9,17.9,17.8,17.8,17.8,17.8,17.8,17.8,18.4,18.4,18.4,18.4,,,,
Iraq,IRQ,Profit tax (% of commercial profits),IC.TAX.PRFT.CP.ZS,,,,,11.2,15,15,15,15,15,15,15,15,15,15,15,15,15,15,,,,
Iceland,ISL,Profit tax (% of commercial profits),IC.TAX.PRFT.CP.ZS,,,,,8.4,8.5,8.7,8.7,7.3,6.9,7.8,8.5,8.9,8.9,8.9,8.9,9,8.8,8.5,,,,
Israel,ISR,Profit tax (% of commercial profits),IC.TAX.PRFT.CP.ZS,,,,,27.3,26.6,24.6,23.2,21.3,20.5,19.7,19,19.8,19.7,20.9,20.8,19.6,18.8,18,,,,
Italy,ITA,Profit tax (% of commercial profits),IC.TAX.PRFT.CP.ZS,,,,,30.6,31.3,31.3,28.4,23.2,23.2,23.2,23.2,20.4,19.9,19.5,17,23.3,16.8,14.6,,,,
Jamaica,JAM,Profit tax (% of commercial profits),IC.TAX.PRFT.CP.ZS,,,,,27.3,27.3,27.3,27.3,27.3,27.3,28.6,28.7,28.7,21.4,15,14,14,13.6,13.6,,,,
Jordan,JOR,Profit tax (% of commercial profits),IC.TAX.PRFT.CP.ZS,,,,,15.1,15.1,15.1,15.1,15.1,15.2,13.5,13.4,13.3,13.2,13.1,10.6,10.6,10.5,10.5,,,,
Japan,JPN,Profit tax (% of commercial profits),IC.TAX.PRFT.CP.ZS,,,,,,,,,,,,,26.6,28,28,26.3,24.7,24,23.9,,,,
Kazakhstan,KAZ,Profit tax (% of commercial profits),IC.TAX.PRFT.CP.ZS,,,,,24.7,24.7,21.6,21.5,24.1,16.7,16.3,16.3,16.3,16.3,16.2,16.2,16.2,16.2,16.4,,,,
Kenya,KEN,Profit tax (% of commercial profits),IC.TAX.PRFT.CP.ZS,,,,,33,33,33.2,33.2,33.2,33.2,32.4,27.4,30.1,29.8,29.8,30.1,30.1,30.1,30.1,,,,
Kyrgyz Republic,KGZ,Profit tax (% of commercial profits),IC.TAX.PRFT.CP.ZS,,,,,5.1,5.4,3,3,3,8.6,5.9,5.9,6.4,6.4,6.4,6.4,6.4,6.4,6.7,,,,
Cambodia,KHM,Profit tax (% of commercial profits),IC.TAX.PRFT.CP.ZS,,,,,19.4,19.4,19.4,19.4,19.1,19.1,19.1,19.1,19.5,19.5,19.5,19.5,19.4,19.4,19,,,,
Kiribati,KIR,Profit tax (% of commercial profits),IC.TAX.PRFT.CP.ZS,,,,,23.4,23.4,23.4,23.4,23.4,23.4,23.4,23.4,24.3,24.3,24.3,24.3,24.3,24.3,24.3,,,,
St. Kitts and Nevis,KNA,Profit tax (% of commercial profits),IC.TAX.PRFT.CP.ZS,,,,,32.8,32.8,32.8,32.8,32.8,32.8,32.8,32.2,32.3,30.5,30.5,30.5,30.5,30.5,30.5,,,,
"Korea, Rep.",KOR,Profit tax (% of commercial profits),IC.TAX.PRFT.CP.ZS,,,,,22.8,18.5,18.6,18.8,17.4,15.6,19.2,19.2,18.4,18.2,18.2,18.2,18.2,18.2,18.2,,,,
Kuwait,KWT,Profit tax (% of commercial profits),IC.TAX.PRFT.CP.ZS,,,,,0,0,0,0,0,0,0,0,0,0,0,0,0,0,0,,,,
Latin America & Caribbean (excluding high income),LAC,Profit tax (% of commercial profits),IC.TAX.PRFT.CP.ZS,,,,,22.83,22.24,21.925,21.23,20.97,20.9,21.02,21.175,21.49090909,20.88636364,20.74090909,20.33636364,20.43181818,20.50454545,20.31363636,,,,
Lao PDR,LAO,Profit tax (% of commercial profits),IC.TAX.PRFT.CP.ZS,,,,,27.1,27.1,27.1,25.4,25.1,25.1,25.1,25.1,20.1,16.5,16,15.8,15.8,16.4,16.4,,,,
Lebanon,LBN,Profit tax (% of commercial profits),IC.TAX.PRFT.CP.ZS,,,,,11.4,11.4,11.4,6.1,6.1,6.1,6.1,6.1,6.2,6.1,6.1,6.1,6.1,6.2,6.9,,,,
Liberia,LBR,Profit tax (% of commercial profits),IC.TAX.PRFT.CP.ZS,,,,,,0,0,0,0,0,0,17.6,17,21.6,35.4,35.4,35.4,35.4,35.4,,,,
Libya,LBY,Profit tax (% of commercial profits),IC.TAX.PRFT.CP.ZS,,,,,,,,,,,,22.1,22.1,22.1,22.1,22.1,22.1,22.1,22.1,,,,
St. Lucia,LCA,Profit tax (% of commercial profits),IC.TAX.PRFT.CP.ZS,,,,,27.2,25.5,25.5,25.5,25.9,25.4,25.9,25.8,25.8,25.8,25.8,25.8,25.8,25.8,25.8,,,,
Latin America & Caribbean,LCN,Profit tax (% of commercial profits),IC.TAX.PRFT.CP.ZS,,,,,23.16206897,22.60689655,21.38,21.26666667,20.64333333,20.64,20.46129032,20.16451613,20.52424242,20.54242424,20.3030303,20.2030303,20.30606061,20.42727273,20.31818182,,,,
Least developed countries: UN classification,LDC,Profit tax (% of commercial profits),IC.TAX.PRFT.CP.ZS,,,,,19.86410256,18.65,18.3975,18.3725,17.56,17.0975,17.3925,17.87380952,17.56744186,17.24418605,17.46976744,17.42093023,17.42325581,17.36511628,17.59302326,,,,
Low income,LIC,Profit tax (% of commercial profits),IC.TAX.PRFT.CP.ZS,,,,,20.54545455,18.62173913,18.40434783,18.26521739,18.05217391,17.93478261,18.44347826,18.52916667,17.40416667,17.16666667,17.7375,17.82916667,17.82083333,17.82083333,18.3125,,,,
Liechtenstein,LIE,Profit tax (% of commercial profits),IC.TAX.PRFT.CP.ZS,,,,,,,,,,,,,,,,,,6.4,6.4,,,,
Sri Lanka,LKA,Profit tax (% of commercial profits),IC.TAX.PRFT.CP.ZS,,,,,22.5,25.6,27.5,27.5,27.5,22.6,25.7,1,3,1.4,1.1,1.2,1.2,1.2,1.2,,,,
Lower middle income,LMC,Profit tax (% of commercial profits),IC.TAX.PRFT.CP.ZS,,,,,18.00434783,17.62391304,17.24347826,16.99782609,16.66956522,16.14565217,15.70869565,15.37446809,16.72745098,16.67254902,16.4372549,16.43137255,16.47058824,16.3,16.00196078,,,,
Low & middle income,LMY,Profit tax (% of commercial profits),IC.TAX.PRFT.CP.ZS,,,,,19.025,18.35087719,17.99736842,17.65087719,17.07217391,16.61304348,16.57130435,16.57966102,16.95873016,16.81269841,16.91904762,17.13968254,17.18730159,17.08253968,17.00952381,,,,
Lesotho,LSO,Profit tax (% of commercial profits),IC.TAX.PRFT.CP.ZS,,,,,17.1,17.1,12.9,10.8,10.8,10.8,10.8,10.8,10.8,10.8,10.8,10.8,10.8,10.8,10.8,,,,
Late-demographic dividend,LTE,Profit tax (% of commercial profits),IC.TAX.PRFT.CP.ZS,,,,,17.3325,17.35952381,16.25,15.84,14.85111111,14.01333333,14.04222222,13.16,13.47291667,13.65625,13.49375,13.6125,13.63541667,13.52708333,13.43125,,,,
Lithuania,LTU,Profit tax (% of commercial profits),IC.TAX.PRFT.CP.ZS,,,,,5.7,6.4,8.9,8.5,6.5,7.8,5.8,6,6,5.9,5.9,5.9,5.9,5.9,5.9,,,,
Luxembourg,LUX,Profit tax (% of commercial profits),IC.TAX.PRFT.CP.ZS,,,,,,4.7,4.2,4.2,4.2,4.2,4.2,4.2,4.2,4.6,4.6,4.6,4.2,4.2,4.2,,,,
Latvia,LVA,Profit tax (% of commercial profits),IC.TAX.PRFT.CP.ZS,,,,,6.8,6.8,6.8,6.7,6.6,6.6,6.1,4.8,4.9,4.9,6.3,6.3,6.3,6.4,7.8,,,,
"Macao SAR, China",MAC,Profit tax (% of commercial profits),IC.TAX.PRFT.CP.ZS,,,,,,,,,,,,,,,,,,,,,,,
St. Martin (French part),MAF,Profit tax (% of commercial profits),IC.TAX.PRFT.CP.ZS,,,,,,,,,,,,,,,,,,,,,,,
Morocco,MAR,Profit tax (% of commercial profits),IC.TAX.PRFT.CP.ZS,,,,,30.5,30.5,29.9,29.9,25.3,25.1,25.1,25.1,25.5,25.4,25.4,25.3,25.1,25.1,21.1,,,,
Monaco,MCO,Profit tax (% of commercial profits),IC.TAX.PRFT.CP.ZS,,,,,,,,,,,,,,,,,,,,,,,
Moldova,MDA,Profit tax (% of commercial profits),IC.TAX.PRFT.CP.ZS,,,,,13.4,12.2,10.4,10.4,0,0,0,0,9,9,8.9,8.9,8.9,8.6,8.4,,,,
Madagascar,MDG,Profit tax (% of commercial profits),IC.TAX.PRFT.CP.ZS,,,,,22,22,22,24.1,20.4,19.6,18.8,18,17.1,16.3,16.3,16.3,16.3,16.6,16.6,,,,
Maldives,MDV,Profit tax (% of commercial profits),IC.TAX.PRFT.CP.ZS,,,,,0,0,0,0,0,0,0,11.3,13.1,13.1,13.1,13.1,13.1,13.1,13.1,,,,
Middle East & North Africa,MEA,Profit tax (% of commercial profits),IC.TAX.PRFT.CP.ZS,,,,,15.86470588,15.29411765,13.44736842,12.85789474,12.49473684,12.40526316,12.43,12.87142857,12.68571429,12.8952381,12.81904762,12.81904762,12.8952381,12.82857143,12.69047619,,,,
Mexico,MEX,Profit tax (% of commercial profits),IC.TAX.PRFT.CP.ZS,,,,,,,,,,,,,26.4,26.5,27.2,26.4,26.9,27.9,27,,,,
Marshall Islands,MHL,Profit tax (% of commercial profits),IC.TAX.PRFT.CP.ZS,,,,,0,0,0,0,0,0,0,0,0,0,0,0,0,0,0,,,,
Middle income,MIC,Profit tax (% of commercial profits),IC.TAX.PRFT.CP.ZS,,,,,18.65333333,18.28241758,17.89450549,17.4956044,16.82717391,16.2826087,16.10326087,16.08191489,16.85392157,16.72941176,16.72647059,16.97745098,17.03823529,16.90882353,16.70294118,,,,
North Macedonia,MKD,Profit tax (% of commercial profits),IC.TAX.PRFT.CP.ZS,,,,,15.3,15.4,15.4,12.7,10.2,5.5,5.6,5.5,5.5,6.4,11,11,11,11,11,,,,
Mali,MLI,Profit tax (% of commercial profits),IC.TAX.PRFT.CP.ZS,,,,,13.3,13.3,13.3,13.3,13.3,13.3,11.2,11.2,10.1,10.1,10.1,10.1,10.1,10.1,7.5,,,,
Malta,MLT,Profit tax (% of commercial profits),IC.TAX.PRFT.CP.ZS,,,,,,,,,,,30.2,30.2,30.3,30.2,30.2,32.4,32.3,32.3,32.3,,,,
Myanmar,MMR,Profit tax (% of commercial profits),IC.TAX.PRFT.CP.ZS,,,,,,,,,,,,33.5,29.4,28,26.9,26.9,26.8,26.8,26.8,,,,
Middle East & North Africa (excluding high income),MNA,Profit tax (% of commercial profits),IC.TAX.PRFT.CP.ZS,,,,,19.21666667,18.5,18.25,17.43333333,17.01666667,16.94166667,15.54166667,16.06923077,15.61538462,15.97692308,15.76923077,15.61538462,15.83846154,15.51538462,15.35384615,,,,
Montenegro,MNE,Profit tax (% of commercial profits),IC.TAX.PRFT.CP.ZS,,,,,,9.6,9.6,9.5,7.5,7.5,8,8.3,8.3,8.3,8.3,8.2,8.2,8.3,8.3,,,,
Mongolia,MNG,Profit tax (% of commercial profits),IC.TAX.PRFT.CP.ZS,,,,,15.3,15.3,15.3,9.2,10,11.5,10.3,10.5,10.5,10.3,10.3,10.3,10.3,10.3,10.2,,,,
Northern Mariana Islands,MNP,Profit tax (% of commercial profits),IC.TAX.PRFT.CP.ZS,,,,,,,,,,,,,,,,,,,,,,,
Mozambique,MOZ,Profit tax (% of commercial profits),IC.TAX.PRFT.CP.ZS,,,,,30.4,30.4,30.4,30.4,30.4,30.4,30.4,30.4,30.8,30.8,30.8,30.8,30.8,30.8,30.8,,,,
Mauritania,MRT,Profit tax (% of commercial profits),IC.TAX.PRFT.CP.ZS,,,,,0,0,0,0,0,0,0,0,0,0,0,0,0,0,0,,,,
Mauritius,MUS,Profit tax (% of commercial profits),IC.TAX.PRFT.CP.ZS,,,,,12.3,12.1,10.3,10.7,10.6,10.5,10.8,9.4,10.1,10.1,10.4,10.4,10.4,10.3,10.3,,,,
Malawi,MWI,Profit tax (% of commercial profits),IC.TAX.PRFT.CP.ZS,,,,,30.4,30.4,30.1,29.2,23.4,22.9,23.2,21.7,21.3,20.1,20.4,20.4,20.4,20.4,20.4,,,,
Malaysia,MYS,Profit tax (% of commercial profits),IC.TAX.PRFT.CP.ZS,,,,,19.1,19.1,19.1,17.5,16.5,16.9,17.1,17.6,21.7,21.9,22.7,22.7,21.8,21.8,19.6,,,,
North America,NAC,Profit tax (% of commercial profits),IC.TAX.PRFT.CP.ZS,,,,,27.3,25.1,25.4,24.8,23.2,3.2,1.9,2.3,15.6,16.05,16,16,15.85,15.9,14.35,,,,
Namibia,NAM,Profit tax (% of commercial profits),IC.TAX.PRFT.CP.ZS,,,,,18.9,18.9,18.9,18,18.2,18.2,17.7,17.7,18,17.5,17.2,16.7,16.7,16.7,16.7,,,,
New Caledonia,NCL,Profit tax (% of commercial profits),IC.TAX.PRFT.CP.ZS,,,,,,,,,,,,,,,,,,,,,,,
Niger,NER,Profit tax (% of commercial profits),IC.TAX.PRFT.CP.ZS,,,,,15,15,15,15,20.3,20.3,17.3,17.3,22,21.5,21.2,21.2,21.6,21.6,21.6,,,,
Nigeria,NGA,Profit tax (% of commercial profits),IC.TAX.PRFT.CP.ZS,,,,,,,,,,,,,21.8,21.8,21.4,20.9,21,21,21,,,,
Nicaragua,NIC,Profit tax (% of commercial profits),IC.TAX.PRFT.CP.ZS,,,,,23.7,23.7,23.7,23.5,23.5,25,23.1,21.5,21.5,18.3,18,17.6,17.5,17.3,17.3,,,,
Netherlands,NLD,Profit tax (% of commercial profits),IC.TAX.PRFT.CP.ZS,,,,,29.5,27.2,25.8,22.1,21,21.3,21.2,20.9,20.9,21.1,20.4,20.6,20.5,20.5,20.4,,,,
Norway,NOR,Profit tax (% of commercial profits),IC.TAX.PRFT.CP.ZS,,,,,25.2,25.2,25.2,24.8,24.8,24.8,24.8,24.8,24.8,24.5,23.6,23.6,21.8,20.8,20,,,,
Nepal,NPL,Profit tax (% of commercial profits),IC.TAX.PRFT.CP.ZS,,,,,19.9,19.9,18.8,20.1,18.4,17.6,17.2,17.2,17.6,17.6,17.6,17.6,17.6,16,15,,,,
Nauru,NRU,Profit tax (% of commercial profits),IC.TAX.PRFT.CP.ZS,,,,,,,,,,,,,,,,,,,,,,,
New Zealand,NZL,Profit tax (% of commercial profits),IC.TAX.PRFT.CP.ZS,,,,,33.1,31.9,32,32.3,29.2,30.2,29.9,28.6,30,30,30,30,29.9,29.9,29.9,,,,
OECD members,OED,Profit tax (% of commercial profits),IC.TAX.PRFT.CP.ZS,,,,,17.89117647,16.75142857,16.74,16.21428571,15.47714286,15.18571429,14.36571429,14.26571429,15.83157895,15.98684211,15.63157895,15.49736842,15.55789474,15.32631579,15.15263158,,,,
Oman,OMN,Profit tax (% of commercial profits),IC.TAX.PRFT.CP.ZS,,,,,9.3,9.2,9.7,9.7,9.7,9.7,10,10,11.1,11,10.9,10.8,10.8,14.4,14.4,,,,
Other small states,OSS,Profit tax (% of commercial profits),IC.TAX.PRFT.CP.ZS,,,,,20.8,20.67142857,19.15333333,18.63125,16.1625,14.4625,15.27647059,15.70555556,16.15555556,15.92222222,15.36111111,15.15555556,15.06666667,14.95,14.87777778,,,,
Pakistan,PAK,Profit tax (% of commercial profits),IC.TAX.PRFT.CP.ZS,,,,,,,,,,,,,18.7,18.7,18.6,18.4,18.3,18.2,17.8,,,,
Panama,PAN,Profit tax (% of commercial profits),IC.TAX.PRFT.CP.ZS,,,,,12.4,12.5,12.2,12.6,12.6,12.5,12.5,11.4,12.5,12.4,12.4,12.4,12.4,12.4,12.4,,,,
Peru,PER,Profit tax (% of commercial profits),IC.TAX.PRFT.CP.ZS,,,,,24.8,24.8,24.8,25.1,25.1,23.9,23.5,23.6,23.2,23.1,23.1,21.4,21.4,22.7,22.7,,,,
Philippines,PHL,Profit tax (% of commercial profits),IC.TAX.PRFT.CP.ZS,,,,,20.1,20.5,22,23.1,23.1,19.8,19.5,19.6,20.5,20.5,20.3,20.3,20.3,20.3,20.2,,,,
Palau,PLW,Profit tax (% of commercial profits),IC.TAX.PRFT.CP.ZS,,,,,65.9,65.9,65.9,65.9,65.9,65.9,65.9,65.8,65.8,65.8,65.8,65.8,65.8,65.8,65.8,,,,
Papua New Guinea,PNG,Profit tax (% of commercial profits),IC.TAX.PRFT.CP.ZS,,,,,22.3,22.3,22.3,22.3,22,22,22,22,23.2,23.2,23.2,23.2,23.2,23.2,23.2,,,,
Poland,POL,Profit tax (% of commercial profits),IC.TAX.PRFT.CP.ZS,,,,,14.8,14.8,14.8,16.7,17.4,15.5,15,15,14.7,14.5,14.5,14.5,14.5,14.5,14.5,,,,
Pre-demographic dividend,PRE,Profit tax (% of commercial profits),IC.TAX.PRFT.CP.ZS,,,,,18.01818182,16.75882353,16.66470588,16.7,15.84411765,15.69705882,16.46176471,16.43714286,16.58333333,15.81944444,16.16666667,17.27777778,17.30555556,17.26111111,17.57222222,,,,
Puerto Rico,PRI,Profit tax (% of commercial profits),IC.TAX.PRFT.CP.ZS,,,,,29.9,29.9,29.9,27.9,27.9,28.9,28.3,15.6,15.9,32.3,27.1,30.8,30.8,30.8,30.8,,,,
"Korea, Dem. People's Rep.",PRK,Profit tax (% of commercial profits),IC.TAX.PRFT.CP.ZS,,,,,,,,,,,,,,,,,,,,,,,
Portugal,PRT,Profit tax (% of commercial profits),IC.TAX.PRFT.CP.ZS,,,,,15.3,15.3,14.9,14.4,14.4,15.1,15.2,14.5,15,15,13.5,12.5,12.5,12.5,12.5,,,,
Paraguay,PRY,Profit tax (% of commercial profits),IC.TAX.PRFT.CP.ZS,,,,,29.2,19.4,9.7,9.6,9.6,9.6,9.6,9.6,9.6,9.6,9.6,9.6,9.6,9.6,9.6,,,,
West Bank and Gaza,PSE,Profit tax (% of commercial profits),IC.TAX.PRFT.CP.ZS,,,,,22,17.6,16.5,16.2,16.2,16.2,16.2,16.2,16.2,15,15,15,15,15,15,,,,
Pacific island small states,PSS,Profit tax (% of commercial profits),IC.TAX.PRFT.CP.ZS,,,,,19.33333333,19.33333333,19.33333333,19.23333333,18.65555556,18.54444444,18.44444444,18.4,18.53333333,18.5,18.5,18.45555556,18.3,18.34444444,18.34444444,,,,
Post-demographic dividend,PST,Profit tax (% of commercial profits),IC.TAX.PRFT.CP.ZS,,,,,18.39354839,16.953125,17.0125,16.525,15.1375,14.85625,14.63235294,14.00588235,15.27222222,15.36944444,14.76666667,14.67777778,14.83611111,14.55,14.30833333,,,,
French Polynesia,PYF,Profit tax (% of commercial profits),IC.TAX.PRFT.CP.ZS,,,,,,,,,,,,,,,,,,,,,,,
Qatar,QAT,Profit tax (% of commercial profits),IC.TAX.PRFT.CP.ZS,,,,,,,0,0,0,0,0,0,0,0,0,0,0,0,0,,,,
Romania,ROU,Profit tax (% of commercial profits),IC.TAX.PRFT.CP.ZS,,,,,17.2,9.7,10.2,10.2,10.2,10.5,10.6,10.7,10.7,10.7,10.9,12.3,12.3,12.3,15.6,,,,
Russian Federation,RUS,Profit tax (% of commercial profits),IC.TAX.PRFT.CP.ZS,,,,,,,,,,,,,8.5,8.4,8.9,8.8,8.8,7.4,7.4,,,,
Rwanda,RWA,Profit tax (% of commercial profits),IC.TAX.PRFT.CP.ZS,,,,,28,28,24,23.9,25.1,25.1,25.1,25.2,25.8,25.8,25.8,25.8,25.7,25.7,25.7,,,,
South Asia,SAS,Profit tax (% of commercial profits),IC.TAX.PRFT.CP.ZS,,,,,15.08,15.7,15.86,16.12,15.78,14.64,15.18,12.5,17.7,17.4625,17.275,17.275,17.3375,16.9,16.7125,,,,
Saudi Arabia,SAU,Profit tax (% of commercial profits),IC.TAX.PRFT.CP.ZS,,,,,2.5,2.2,2.2,2.2,2.2,2.2,2.2,2.2,2.2,2.2,2.2,2.2,2.2,2.2,2.2,,,,
Sudan,SDN,Profit tax (% of commercial profits),IC.TAX.PRFT.CP.ZS,,,,,27.4,13.8,13.8,13.8,13.8,13.8,13.8,13.8,11.5,11.5,11.5,11.5,11.5,11.5,11.5,,,,
Senegal,SEN,Profit tax (% of commercial profits),IC.TAX.PRFT.CP.ZS,,,,,19.8,15,15,15,15,15,15,15,16.2,16.2,18.4,16.2,16.2,16.2,16.2,,,,
Singapore,SGP,Profit tax (% of commercial profits),IC.TAX.PRFT.CP.ZS,,,,,10,6.2,6.3,7.9,8,7.1,6.5,0,1.8,1.6,1.7,1.8,1.5,1.7,2.1,,,,
Solomon Islands,SLB,Profit tax (% of commercial profits),IC.TAX.PRFT.CP.ZS,,,,,14.6,14.6,14.6,14.6,14.6,14.6,14.6,15,23.3,23.3,23.3,23.3,23.3,23.3,23.3,,,,
Sierra Leone,SLE,Profit tax (% of commercial profits),IC.TAX.PRFT.CP.ZS,,,,,0,0,0,0,0,0,18.2,18.2,18.8,18.8,18.5,18.5,18.5,18.5,18.5,,,,
El Salvador,SLV,Profit tax (% of commercial profits),IC.TAX.PRFT.CP.ZS,,,,,17.2,17.2,17.2,17.2,17.1,17.1,17.1,17.1,20.2,20.2,20.2,16.9,16.9,16.9,16.6,,,,
San Marino,SMR,Profit tax (% of commercial profits),IC.TAX.PRFT.CP.ZS,,,,,,,,,,,,10.3,10.3,10.3,10.2,5.1,5.1,5.1,5,,,,
Somalia,SOM,Profit tax (% of commercial profits),IC.TAX.PRFT.CP.ZS,,,,,,,,,,,,,,,,,,,,,,,
Serbia,SRB,Profit tax (% of commercial profits),IC.TAX.PRFT.CP.ZS,,,,,6.8,6.8,6.8,6.8,6.8,8.8,8.8,8.8,8.8,13.2,13,13,13,13,13,,,,
Sub-Saharan Africa (excluding high income),SSA,Profit tax (% of commercial profits),IC.TAX.PRFT.CP.ZS,,,,,19.52790698,18.31363636,17.75681818,17.61363636,17.775,17.38181818,17.86818182,17.91111111,17.95652174,17.24782609,17.57173913,18.41086957,18.43913043,18.37826087,18.46304348,,,,
South Sudan,SSD,Profit tax (% of commercial profits),IC.TAX.PRFT.CP.ZS,,,,,,,,,,,,4.7,7,6.9,6.9,9.2,9.2,9.2,9.2,,,,
Sub-Saharan Africa,SSF,Profit tax (% of commercial profits),IC.TAX.PRFT.CP.ZS,,,,,19.59318182,18.40444444,17.86,17.74666667,17.84222222,17.41555556,17.86888889,17.9826087,18.07446809,17.28510638,17.59787234,18.41914894,18.44680851,18.38723404,18.47021277,,,,
Small states,SST,Profit tax (% of commercial profits),IC.TAX.PRFT.CP.ZS,,,,,23.05333333,22.68125,21.24411765,20.85142857,19.35714286,18.47142857,18.67297297,18.76052632,18.92894737,18.75526316,18.47631579,18.32368421,18.15526316,18.06052632,17.96315789,,,,
Sao Tome and Principe,STP,Profit tax (% of commercial profits),IC.TAX.PRFT.CP.ZS,,,,,32.3,32.1,32.1,32.1,32.1,19.5,19.8,19.8,19.8,20,20,19.4,19.4,19.4,19.4,,,,
Suriname,SUR,Profit tax (% of commercial profits),IC.TAX.PRFT.CP.ZS,,,,,27.9,27.9,27.9,27.9,27.9,27.9,27.9,27.9,27.9,27.9,27.9,27.9,27.9,27.9,27.9,,,,
Slovak Republic,SVK,Profit tax (% of commercial profits),IC.TAX.PRFT.CP.ZS,,,,,8,7.4,7.4,7.5,8.3,8.1,8.3,7.8,7.9,8.4,9.4,9.5,9.5,9.1,9.1,,,,
Slovenia,SVN,Profit tax (% of commercial profits),IC.TAX.PRFT.CP.ZS,,,,,14.3,14.3,14.5,13.6,15.6,15.3,14.6,14.6,13.1,12.7,12.7,12.7,12.7,12.7,12.7,,,,
Sweden,SWE,Profit tax (% of commercial profits),IC.TAX.PRFT.CP.ZS,,,,,16.6,16.6,16.8,16.8,16.7,16,16,16,16,13.1,13.1,13.1,13.1,13.1,13.1,,,,
Eswatini,SWZ,Profit tax (% of commercial profits),IC.TAX.PRFT.CP.ZS,,,,,28.1,28.1,28.1,28.1,28.1,28.1,27.7,28.1,28.1,28,25.6,25.5,25.4,25.3,25.2,,,,
Sint Maarten (Dutch part),SXM,Profit tax (% of commercial profits),IC.TAX.PRFT.CP.ZS,,,,,,,,,,,,,,,,,,,,,,,
Seychelles,SYC,Profit tax (% of commercial profits),IC.TAX.PRFT.CP.ZS,,,,,22.4,22.4,22.4,23.6,20.8,18.9,17.9,21.2,23.5,19,18.8,18.8,18.8,18.8,18.8,,,,
Syrian Arab Republic,SYR,Profit tax (% of commercial profits),IC.TAX.PRFT.CP.ZS,,,,,23.6,23.6,23.6,20.6,20,20,20,20,20,23,23,23,23,23,23,,,,
Turks and Caicos Islands,TCA,Profit tax (% of commercial profits),IC.TAX.PRFT.CP.ZS,,,,,,,,,,,,,,,,,,,,,,,
Chad,TCD,Profit tax (% of commercial profits),IC.TAX.PRFT.CP.ZS,,,,,31.3,31.3,31.3,31.3,31.3,31.3,31.3,31.3,31.3,31.3,31.3,31.3,31.3,31.3,31.3,,,,
East Asia & Pacific (IDA & IBRD countries),TEA,Profit tax (% of commercial profits),IC.TAX.PRFT.CP.ZS,,,,,20.98333333,20.98333333,21.08888889,20.65555556,19.16111111,18.57777778,18.72222222,19.22105263,18.78095238,18.31904762,18.17619048,18.26666667,18.03333333,18.08571429,17.65714286,,,,
Europe & Central Asia (IDA & IBRD countries),TEC,Profit tax (% of commercial profits),IC.TAX.PRFT.CP.ZS,,,,,13.45789474,12.97,12.585,12.405,11.04285714,10.16190476,9.342857143,8.89047619,9.259090909,10.80909091,11.24545455,11.22272727,11.40909091,11.09545455,11.41363636,,,,
Togo,TGO,Profit tax (% of commercial profits),IC.TAX.PRFT.CP.ZS,,,,,11,11,11,11,11.2,9,9.5,9.5,9.5,10,10.7,10.7,10.7,10.3,10.3,,,,
Thailand,THA,Profit tax (% of commercial profits),IC.TAX.PRFT.CP.ZS,,,,,29,28.6,29,28.5,29.5,29.5,29.5,28.6,22.7,19.8,19.6,22.4,22.6,22.2,22.2,,,,
Tajikistan,TJK,Profit tax (% of commercial profits),IC.TAX.PRFT.CP.ZS,,,,,17.7,17.7,17.7,17.7,17.7,17.7,0,0,0,17.7,17.7,17.7,17.7,17.7,17.7,,,,
Turkmenistan,TKM,Profit tax (% of commercial profits),IC.TAX.PRFT.CP.ZS,,,,,,,,,,,,,,,,,,,,,,,
Latin America & the Caribbean (IDA & IBRD countries),TLA,Profit tax (% of commercial profits),IC.TAX.PRFT.CP.ZS,,,,,22.92142857,22.34642857,21.83928571,21.78928571,21.12142857,21.08214286,20.89655172,21.01724138,21.33548387,20.82580645,20.73870968,20.51290323,20.62258065,20.7516129,20.63548387,,,,
Timor-Leste,TLS,Profit tax (% of commercial profits),IC.TAX.PRFT.CP.ZS,,,,,30.8,30.8,30.8,32.7,11.2,11.2,11.2,11.2,11.2,11.2,11.2,11.2,11.2,11.2,10.5,,,,
Middle East & North Africa (IDA & IBRD countries),TMN,Profit tax (% of commercial profits),IC.TAX.PRFT.CP.ZS,,,,,18.96363636,18.58181818,18.40909091,17.54545455,17.09090909,17.00909091,15.48181818,16.05833333,15.56666667,16.05833333,15.83333333,15.66666667,15.90833333,15.55833333,15.38333333,,,,
Tonga,TON,Profit tax (% of commercial profits),IC.TAX.PRFT.CP.ZS,,,,,26.4,26.4,26.4,26.4,21.6,22.5,22.5,22.5,21.2,21.2,21.2,21.2,21.2,21.2,21.2,,,,
South Asia (IDA & IBRD),TSA,Profit tax (% of commercial profits),IC.TAX.PRFT.CP.ZS,,,,,15.08,15.7,15.86,16.12,15.78,14.64,15.18,12.5,17.7,17.4625,17.275,17.275,17.3375,16.9,16.7125,,,,
Sub-Saharan Africa (IDA & IBRD countries),TSS,Profit tax (% of commercial profits),IC.TAX.PRFT.CP.ZS,,,,,19.59318182,18.40444444,17.86,17.74666667,17.84222222,17.41555556,17.86888889,17.9826087,18.07446809,17.28510638,17.59787234,18.41914894,18.44680851,18.38723404,18.47021277,,,,
Trinidad and Tobago,TTO,Profit tax (% of commercial profits),IC.TAX.PRFT.CP.ZS,,,,,25.2,25.2,21,22.2,22.2,21,21,21,22.1,22,21.9,21.8,21.5,25,25.8,,,,
Tunisia,TUN,Profit tax (% of commercial profits),IC.TAX.PRFT.CP.ZS,,,,,14.8,14.8,14.8,12.7,15.7,15.7,15.7,15.7,15.7,15.7,13.1,13.1,17,13.1,13.6,,,,
Turkiye,TUR,Profit tax (% of commercial profits),IC.TAX.PRFT.CP.ZS,,,,,18.5,18,17.5,17.4,17.7,17.7,18.5,18.5,18.6,18.4,18.3,18.3,18.2,18.2,20,,,,
Tuvalu,TUV,Profit tax (% of commercial profits),IC.TAX.PRFT.CP.ZS,,,,,,,,,,,,,,,,,,,,,,,
Tanzania,TZA,Profit tax (% of commercial profits),IC.TAX.PRFT.CP.ZS,,,,,20.2,20.2,20.3,20.1,20.2,20.2,20.4,20.4,20.7,20.7,20.8,20.8,20.7,20.8,20.9,,,,
Uganda,UGA,Profit tax (% of commercial profits),IC.TAX.PRFT.CP.ZS,,,,,23.2,21.5,20.8,23.6,22.1,22.1,22.1,22.1,22.1,22.1,22.1,22.3,22.3,22.3,22.3,,,,
Ukraine,UKR,Profit tax (% of commercial profits),IC.TAX.PRFT.CP.ZS,,,,,12.3,12.4,12.5,12.3,12.3,10.4,12.2,11.6,11.3,9.5,9,8.7,11.9,11,10.2,,,,
Upper middle income,UMC,Profit tax (% of commercial profits),IC.TAX.PRFT.CP.ZS,,,,,19.33181818,18.95555556,18.56,18.00444444,16.98478261,16.41956522,16.49782609,16.7893617,16.98039216,16.78627451,17.01568627,17.52352941,17.60588235,17.51764706,17.40392157,,,,
Uruguay,URY,Profit tax (% of commercial profits),IC.TAX.PRFT.CP.ZS,,,,,17.7,17.7,17.7,29.9,23.6,23.6,23.6,23.6,23.6,23.6,23.6,23.6,23.6,23.6,23.6,,,,
United States,USA,Profit tax (% of commercial profits),IC.TAX.PRFT.CP.ZS,,,,,,,,,,,,,28.2,28.2,28.1,28.1,27.9,27.9,20.7,,,,
Uzbekistan,UZB,Profit tax (% of commercial profits),IC.TAX.PRFT.CP.ZS,,,,,0,0,2,2,1.9,1.7,1.3,1.1,2,12,11.4,11.5,11.5,12.6,11.8,,,,
St. Vincent and the Grenadines,VCT,Profit tax (% of commercial profits),IC.TAX.PRFT.CP.ZS,,,,,37.6,37.6,37.6,35.2,32.5,30.2,30.2,30.2,30.2,30.2,29.8,29.8,29.8,29.8,27.6,,,,
"Venezuela, RB",VEN,Profit tax (% of commercial profits),IC.TAX.PRFT.CP.ZS,,,,,14.4,14,12,10.7,9.1,10.7,7.6,6.4,9.8,9.8,9.5,9.9,9.4,9.4,9.4,,,,
British Virgin Islands,VGB,Profit tax (% of commercial profits),IC.TAX.PRFT.CP.ZS,,,,,,,,,,,,,,,,,,,,,,,
Virgin Islands (U.S.),VIR,Profit tax (% of commercial profits),IC.TAX.PRFT.CP.ZS,,,,,,,,,,,,,,,,,,,,,,,
Viet Nam,VNM,Profit tax (% of commercial profits),IC.TAX.PRFT.CP.ZS,,,,,20.6,20.6,20.6,20.6,20.5,12.4,17.2,12.4,17,17,14.4,14.4,13.1,13.2,13.2,,,,
Vanuatu,VUT,Profit tax (% of commercial profits),IC.TAX.PRFT.CP.ZS,,,,,0,0,0,0,0,0,0,0,0,0,0,0,0,0,0,,,,
World,WLD,Profit tax (% of commercial profits),IC.TAX.PRFT.CP.ZS,,,,,18.71656442,17.99580838,17.40764706,17.09356725,16.42848837,15.97965116,15.77758621,15.6241573,16.16719577,16.15291005,16.05767196,16.1984127,16.22698413,16.07421053,16.01894737,,,,
Samoa,WSM,Profit tax (% of commercial profits),IC.TAX.PRFT.CP.ZS,,,,,12.5,12.5,12.5,11.6,11.6,11.6,11.6,11.6,11.6,11.3,11.3,11.2,10.9,10.9,10.9,,,,
Kosovo,XKX,Profit tax (% of commercial profits),IC.TAX.PRFT.CP.ZS,,,,,,,,,21.2,10.2,9.3,9.3,9.3,9.3,9.3,9.3,9.3,9.3,9.3,,,,
"Yemen, Rep.",YEM,Profit tax (% of commercial profits),IC.TAX.PRFT.CP.ZS,,,,,34.9,34.9,34.9,34.9,34.9,34.8,19.9,20.1,13.8,13.8,13.8,13.8,13.8,13.8,13.8,,,,
South Africa,ZAF,Profit tax (% of commercial profits),IC.TAX.PRFT.CP.ZS,,,,,24.4,23.7,24,24.4,24.9,24.8,24,23.9,21.4,21.7,21.7,21.7,21.7,21.8,21.8,,,,
Zambia,ZMB,Profit tax (% of commercial profits),IC.TAX.PRFT.CP.ZS,,,,,2.2,2.2,2.3,2.3,2.3,1.6,1.6,2.2,2.4,2,2,2,2,2,2,,,,
Zimbabwe,ZWE,Profit tax (% of commercial profits),IC.TAX.PRFT.CP.ZS,,,,,16.3,16.3,7.8,4.8,22.5,23.6,20,19.8,19.6,17.7,17.6,17.6,17.6,17.6,17.6,,,,
